name,lat,lon
6059,-10.5342468321715,30.80549238012719
6060,-10.443840008444628,30.805479123579808
6061,-10.353432673862574,30.80546598762413
6062,-10.263024832648634,30.805452972092016
6063,-10.172616489031313,30.80544007681698
6064,-10.082207647244193,30.805427301634165
6065,-9.991798311525969,30.805414646380388
6066,-9.901388486120332,30.805402110894093
6067,-9.810978175276004,30.805389695015357
6068,-9.720567383246632,30.805377398585875
6069,-9.630156114290784,30.80536522144899
6070,-9.539744372671873,30.80535316344965
6071,-9.449332162658145,30.805341224434414
6072,-9.3589194885226,30.805329404251463
6073,-9.268506354543003,30.80531770275057
6074,-9.17809276500178,30.80530611978312
6075,-9.087678724186024,30.80529465520208
6076,-8.9972642363874,30.805283308862016
6077,-8.906849305902162,30.80527208061908
6078,-8.816433937031064,30.805260970331
6079,-8.726018134079329,30.805249977857088
6080,-8.635601901356612,30.805239103058224
6081,-8.545185243176947,30.805228345796856
6082,-8.45476816385871,30.805217705937004
6083,-8.36435066772457,30.80520718334424
6084,-8.273932759101458,30.80519677788568
6085,-8.183514442320488,30.805186489430017
6086,-14.778406251745222,30.900516984482337
6087,-14.688028063651892,30.90049784482669
6088,-14.597649172995528,30.900478835632104
6089,-14.507269583709858,30.900459956645616
6090,-14.41688929973574,30.900441207616247
6091,-14.326508325021065,30.900422588294987
6092,-14.236126663520762,30.90040409843477
6093,-14.145744319196762,30.900385737790486
6094,-14.05536129601792,30.90036750611897
6095,-13.964977597960011,30.900349403179007
6096,-13.874593229005663,30.90033142873127
6097,-13.784208193144336,30.900313582538377
6098,-13.69382249437228,30.90029586436485
6099,-13.603436136692482,30.90027827397713
6100,-13.513049124114636,30.900260811143504
6101,-13.4226614606551,30.9002434756342
6102,-13.332273150336864,30.9002262672213
6103,-13.241884197189489,30.90020918567876
6104,-13.151494605249072,30.9001922307824
6105,-13.06110437855824,30.9001754023099
6106,-12.97071352116604,30.900158700040777
6107,-12.880322037127993,30.900142123756403
6108,-12.789929930505934,30.900125673239994
6109,-12.699537205368092,30.900109348276576
6110,-12.609143865788957,30.900093148652992
6111,-12.51874991584929,30.900077074157924
6112,-12.428355359636072,30.900061124581832
6113,-12.33796020124243,30.900045299717
6114,-12.24756444476766,30.900029599357488
6115,-12.157168094317113,30.900014023299157
6116,-12.066771154002208,30.899998571339623
6117,-11.976373627940378,30.89998324327831
6118,-11.88597552025499,30.89996803891639
6119,-11.79557683507537,30.899952958056797
6120,-11.705177576536707,30.899938000504203
6121,-11.614777748780028,30.899923166065065
6122,-11.524377355952163,30.89990845454755
6123,-11.43397640220571,30.89989386576157
6124,-11.343574891698958,30.89987939951876
6125,-11.253172828595885,30.899865055632493
6126,-11.16277021706608,30.89985083391785
6127,-11.072367061284748,30.899836734191624
6128,-10.981963365432607,30.89982275627231
6129,-10.891559133695909,30.899808899980098
6130,-10.801154370266335,30.899795165136887
6131,-10.71074907934101,30.899781551566253
6132,-10.620343265122411,30.899768059093457
6133,-10.52993693181838,30.899754687545432
6134,-10.439530083642016,30.899741436750784
6135,-10.34912272481168,30.8997283065398
6136,-10.258714859550937,30.8997152967444
6137,-10.16830649208851,30.89970240719817
6138,-10.077897626658242,30.89968963773636
6139,-9.987488267499057,30.899676988195843
6140,-9.897078418854903,30.899664458415145
6141,-9.80666808497472,30.89965204823442
6142,-9.716257270112411,30.89963975749545
6143,-9.625845978526746,30.89962758604165
6144,-9.535434214481398,30.89961553371804
6145,-9.44502198224482,30.89960360037126
6146,-9.35460928609026,30.89959178584957
6147,-9.264196130295687,30.89958009000281
6148,-9.173782519143767,30.899568512682453
6149,-9.083368456921791,30.899557053741532
6150,-8.992953947921672,30.8995457130347
6151,-8.902538996439855,30.899534490418173
6152,-8.81212360677732,30.899523385749763
6153,-8.721707783239498,30.89951239888885
6154,-8.631291530136256,30.89950152969639
6155,-8.540874851781838,30.899490778034917
6156,-8.45045775249482,30.899480143768507
6157,-8.360040236598083,30.89946962676281
6158,-14.774052083645064,30.994774428769947
6159,-14.683673861614004,30.9947552954054
6160,-14.593294937209258,30.994736292489684
6161,-14.502915314364907,30.99471741976993
6162,-14.41253499702214,30.994698676995256
6163,-14.322153989129196,30.99468006391674
6164,-14.231772294641344,30.99466158028741
6165,-14.14138991752084,30.99464322586225
6166,-14.051006861736884,30.99462500039821
6167,-13.960623131265576,30.994606903654127
6168,-13.87023873008987,30.9945889353908
6169,-13.77985366219956,30.99457109537093
6170,-13.68946793159122,30.994553383359133
6171,-13.59908154226816,30.994535799121923
6172,-13.508694498240397,30.994518342427707
6173,-13.41830680352462,30.994501013046783
6174,-13.327918462144114,30.994483810751337
6175,-13.237529478128764,30.9944667353154
6176,-13.147139855515004,30.994449786514892
6177,-13.056749598345736,30.99443296412758
6178,-12.966358710670354,30.99441626793307
6179,-12.875967196544648,30.99439969771283
6180,-12.785575060030794,30.99438325325015
6181,-12.695182305197312,30.994366934330145
6182,-12.604788936118988,30.99435074073976
6183,-12.5143949568769,30.994334672267748
6184,-12.424000371558304,30.994318728704663
6185,-12.333605184256646,30.994302909842883
6186,-12.243209399071503,30.99428721547654
6187,-12.15281302010852,30.994271645401582
6188,-12.06241605147941,30.994256199415734
6189,-11.972018497301894,30.99424087731848
6190,-11.881620361699618,30.99422567891108
6191,-11.7912216488022,30.99421060399656
6192,-11.700822362745114,30.994195652379677
6193,-11.61042250766966,30.99418082386696
6194,-11.52002208772296,30.99416611826667
6195,-11.42962110705786,30.9941515353888
6196,-11.339219569832954,30.99413707504508
6197,-11.248817480212464,30.994122737048947
6198,-11.158414842366282,30.994108521215576
6199,-11.068011660469846,30.994094427361837
6200,-10.977607938704162,30.994080455306303
6201,-10.887203681255745,30.994066604869253
6202,-10.796798892316534,30.994052875872672
6203,-10.706393576083912,30.99403926814021
6204,-10.61598773676062,30.994025781497204
6205,-10.525581378554746,30.99401241577068
6206,-10.43517450567965,30.99399917078932
6207,-10.344767122353945,30.993986046383476
6208,-10.25435923280144,30.993973042385164
6209,-10.163950841251117,30.993960158628056
6210,-10.073541951937052,30.993947394947465
6211,-9.983132569098416,30.99393475118035
6212,-9.892722696979408,30.99392222716532
6213,-9.802312339829191,30.9939098227426
6214,-9.711901501901906,30.99389753775405
6215,-9.62149018745658,30.993885372043174
6216,-9.531078400757098,30.99387332545506
6217,-9.440666146072152,30.99386139783643
6218,-9.350253427675216,30.993849589035616
6219,-9.259840249844489,30.993837898902544
6220,-9.16942661686286,30.99382632728875
6221,-9.07901253301784,30.993814874047363
6222,-8.988598002601567,30.993803539033088
6223,-8.898183029910706,30.99379232210224
6224,-8.807767619246441,30.993781223112705
6225,-8.71735177491443,30.99377024192392
6226,-8.626935501224748,30.99375937839693
6227,-8.536518802491852,30.99374863239435
6228,-14.76965229073804,31.08902724417557
6229,-14.6792740344229,31.08900811716744
6230,-14.588895075925432,31.088989120595784
6231,-14.498515419180066,31.08897025420784
6232,-14.40813506812832,31.088951517752804
6233,-14.317754026718791,31.088932910981857
6234,-14.227372298907088,31.088914433648124
6235,-14.136989888655798,31.088896085506697
6236,-14.04660679993446,31.08887786631459
6237,-13.956223036719503,31.088859775830755
6238,-13.865838602994236,31.088841813816074
6239,-13.77545350274877,31.08882398003335
6240,-13.68506773998,31.08880627424729
6241,-13.59468131869158,31.088788696224498
6242,-13.50429424289384,31.08877124573348
6243,-13.41390651660379,31.088753922544612
6244,-13.323518143845044,31.08873672643018
6245,-13.233129128647809,31.088719657164308
6246,-13.142739475048828,31.08870271452301
6247,-13.052349187091334,31.088685898284115
6248,-12.96195826882501,31.088669208227355
6249,-12.871566724305977,31.088652644134275
6250,-12.781174557596714,31.088636205788244
6251,-12.690781772766035,31.08861989297448
6252,-12.60038837388906,31.088603705480008
6253,-12.509994365047149,31.088587643093668
6254,-12.419599750327864,31.088571705606117
6255,-12.329204533824951,31.088555892809783
6256,-12.238808719638282,31.088540204498937
6257,-12.148412311873813,31.088524640469583
6258,-12.05801531464353,31.088509200519525
6259,-11.967617732065436,31.088493884448354
6260,-11.877219568263508,31.088478692057404
6261,-11.78682082736762,31.088463623149774
6262,-11.696421513513531,31.08844867753034
6263,-11.606021630842834,31.0884338550057
6264,-11.515621183502924,31.08841915538419
6265,-11.42522017564694,31.0884045784759
6266,-11.33481861143373,31.08839012409263
6267,-11.244416495027814,31.08837579204792
6268,-11.154013830599345,31.08836158215701
6269,-11.063610622324031,31.088347494236853
6270,-10.973206874383166,31.088333528106123
6271,-10.882802590963491,31.088319683585176
6272,-10.792397776257246,31.08830596049606
6273,-10.701992434462069,31.088292358662528
6274,-10.611586569780954,31.088278877909996
6275,-10.521180186422251,31.08826551806556
6276,-10.430773288599578,31.08825227895799
6277,-10.340365880531795,31.08823916041773
6278,-10.249957966442972,31.08822616227686
6279,-10.159549550562332,31.08821328436914
6280,-10.069140637124216,31.08820052652996
6281,-9.97873123036802,31.08818788859637
6282,-9.888321334538198,31.088175370407036
6283,-9.797910953884156,31.08816297180228
6284,-9.70750009266028,31.088150692624044
6285,-9.617088755125808,31.08813853271589
6286,-9.526676945544889,31.08812649192301
6287,-9.436264668186434,31.088114570092188
6288,-9.345851927324157,31.08810276707184
6289,-9.255438727236472,31.088091082711973
6290,-9.165025072206507,31.088079516864195
6291,-9.074610966522004,31.08806806938171
6292,-8.984196414475301,31.088056740119317
6293,-8.893781420363297,31.08804552893338
6294,-8.803365988487407,31.08803443568188
6295,-8.712950123153488,31.08802346022434
6296,-8.622533828671836,31.08801260242187
6297,-14.674828596246698,31.18325626343665
6298,-14.584449603312576,31.18323727327421
6299,-14.494069912324251,31.1832184132831
6300,-14.403689527223603,31.183199683212617
6301,-14.313308451959578,31.18318108281403
6302,-14.222926690488112,31.183162611840576
6303,-14.132544246772156,31.18314427004742
6304,-14.042161124781574,31.18312605719168
6305,-13.951777328493144,31.183107973032413
6306,-13.8613928618905,31.1830900173306
6307,-13.771007728964085,31.183072189849103
6308,-13.68062193371115,31.18305449035276
6309,-13.590235480135656,31.18303691860825
6310,-13.49984837224828,31.18301947438417
6311,-13.409460614066338,31.183002157451007
6312,-13.319072209613784,31.182984967581117
6313,-13.228683162921149,31.182967904548725
6314,-13.138293478025478,31.182950968129937
6315,-13.04790315897034,31.18293415810269
6316,-12.957512209805728,31.18291747424677
6317,-12.867120634588078,31.18290091634384
6318,-12.776728437380193,31.18288448417735
6319,-12.686335622251178,31.182868177532608
6320,-12.595942193276477,31.18285199619673
6321,-12.50554815453774,31.182835939958647
6322,-12.415153510122847,31.182820008609102
6323,-12.324758264125846,31.182804201940623
6324,-12.234362420646908,31.18278851974753
6325,-12.143965983792274,31.18277296182596
6326,-12.05356895767424,31.18275752797379
6327,-11.963171346411112,31.18274221799068
6328,-11.872773154127142,31.182727031678077
6329,-11.782374384952492,31.18271196883916
6330,-11.691975043023229,31.182697029278877
6331,-11.601575132481216,31.18268221280391
6332,-11.51117465747413,31.182667519222704
6333,-11.420773622155398,31.182652948345417
6334,-11.330372030684147,31.18263849998394
6335,-11.239969887225184,31.182624173951893
6336,-11.149567195948917,31.182609970064604
6337,-11.059163961031354,31.18259588813911
6338,-10.968760186654034,31.182581927994168
6339,-10.878355877003983,31.18256808945021
6340,-10.787951036273704,31.182554372329385
6341,-10.6975456686611,31.18254077645551
6342,-10.607139778369426,31.18252730165409
6343,-10.516733369607298,31.182513947752312
6344,-10.426326446588586,31.18250071457902
6345,-10.33591901353242,31.18248760196473
6346,-10.245511074663108,31.18247460974163
6347,-10.155102634210138,31.18246173774353
6348,-10.064693696408092,31.182448985805927
6349,-9.974284265496628,31.18243635376593
6350,-9.883874345720423,31.18242384146231
6351,-9.793463941329154,31.182411448735447
6352,-9.703053056577424,31.18239917542737
6353,-9.612641695724742,31.18238702138173
6354,-9.522229863035465,31.182374986443783
6355,-9.431817562778749,31.182363070460404
6356,-9.341404799228538,31.182351273280084
6357,-9.250991576663502,31.182339594752907
6358,-9.16057789936696,31.182328034730563
6359,-9.070163771626907,31.18231659306633
6360,-8.9797491977359,31.18230526961509
6361,-8.889334181991062,31.18229406423329
6362,-8.79891872869402,31.182282976778968
6363,-8.708502842150859,31.18227200711174
6364,-8.618086526672078,31.1822611550928
6365,-14.670337561397938,31.277499687597064
6366,-14.579958533683604,31.277480703908967
6367,-14.489578808110798,31.277461850379684
6368,-14.399198388621723,31.27744312675863
6369,-14.308817279165678,31.27742453279716
6370,-14.218435483698972,31.2774060682486
6371,-14.128053006184851,31.27738773286824
6372,-14.03766985059357,31.27736952641327
6373,-13.947286020902222,31.27735144864285
6374,-13.856901521094793,31.277333499318047
6375,-13.766516355162077,31.277315678201848
6376,-13.676130527101629,31.27729798505915
6377,-13.58574404091777,31.277280419656744
6378,-13.49535690062148,31.27726298176333
6379,-13.40496911023044,31.277245671149466
6380,-13.314580673768909,31.27722848758761
6381,-13.224191595267747,31.27721143085209
6382,-13.133801878764334,31.27719450071909
6383,-13.043411528302542,31.27717769696665
6384,-12.95302054793271,31.277161019374645
6385,-12.862628941711565,31.277144467724813
6386,-12.772236713702227,31.27712804180072
6387,-12.681843867974138,31.27711174138776
6388,-12.591450408603029,31.277095566273125
6389,-12.501056339670876,31.277079516245845
6390,-12.410661665265858,31.277063591096745
6391,-12.320266389482333,31.27704779061845
6392,-12.22987051642077,31.277032114605376
6393,-12.139474050187712,31.27701656285373
6394,-12.049076994895769,31.27700113516149
6395,-11.958679354663513,31.27698583132841
6396,-11.868281133615522,31.27697065115601
6397,-11.777882335882234,31.27695559444756
6398,-11.687482965600006,31.2769406610081
6399,-11.597083026911,31.2769258506444
6400,-11.506682523963176,31.27691116316498
6401,-11.416281460910248,31.27689659838009
6402,-11.325879841911624,31.27688215610171
6403,-11.235477671132372,31.276867836143545
6404,-11.145074952743208,31.276853638321
6405,-11.054671690920406,31.276839562451208
6406,-10.964267889845766,31.276825608353004
6407,-10.87386355370661,31.276811775846912
6408,-10.783458686695694,31.276798064755155
6409,-10.69305329301118,31.276784474901635
6410,-10.602647376856616,31.276771006111947
6411,-10.512240942440869,31.276757658213352
6412,-10.421833993978062,31.276744431034786
6413,-10.331426535687584,31.27673132440684
6414,-10.241018571794015,31.276718338161785
6415,-10.150610106527088,31.276705472133525
6416,-10.060201144121638,31.27669272615762
6417,-9.969791688817574,31.27668010007128
6418,-9.879381744859836,31.27666759371333
6419,-9.788971316498325,31.276655206924268
6420,-9.6985604079879,31.276642939546186
6421,-9.608149023588306,31.2766307914228
6422,-9.517737167564142,31.276618762399465
6423,-9.427324844184811,31.27660685232313
6424,-9.336912057724488,31.276595061042364
6425,-9.246498812462065,31.27658338840734
6426,-9.156085112681112,31.276571834269813
6427,-9.065670962669843,31.27656039848316
6428,-8.97525636672104,31.27654908090232
6429,-8.884841329132053,31.27653788138383
6430,-8.794425854204732,31.276526799785803
6431,-8.70400994624538,31.276515835967945
6432,-8.613593609564719,31.2765049897915
6433,-14.665800944333398,31.37173834309348
6434,-14.575421881495751,31.371719365944784
6435,-14.485042120997331,31.371700518942284
6436,-14.39466166678072,31.37168180183549
6437,-14.304280522795551,31.37166321437585
6438,-14.213898692998496,31.371644756316797
6439,-14.123516181353162,31.371626427413688
6440,-14.033132991830126,31.37160822742385
6441,-13.942749128406843,31.371590156106524
6442,-13.852364595067636,31.37157221322287
6443,-13.761979395803635,31.371554398535974
6444,-13.671593534612748,31.371536711810823
6445,-13.581207015499617,31.37151915281431
6446,-13.490819842475576,31.371501721315227
6447,-13.400432019558616,31.371484417084236
6448,-13.310043550773358,31.37146723989387
6449,-13.219654440150965,31.371450189518573
6450,-13.129264691729146,31.371433265734595
6451,-13.038874309552112,31.37141646832008
6452,-12.9484832976705,31.37139979705502
6453,-12.858091660141383,31.371383251721223
6454,-12.7676994010282,31.37136683210234
6455,-12.677306524400692,31.37135053798386
6456,-12.586913034334916,31.37133436915308
6457,-12.496518934913151,31.37131832539912
6458,-12.406124230223902,31.371302406512875
6459,-12.31572892436182,31.371286612287083
6460,-12.225333021427682,31.37127094251624
6461,-12.134936525528357,31.37125539699664
6462,-12.044539440776717,31.371239975526347
6463,-11.954141771291672,31.371224677905207
6464,-11.863743521198078,31.37120950393483
6465,-11.77334469462668,31.371194453418585
6466,-11.682945295714113,31.37117952616158
6467,-11.59254532860284,31.37116472197069
6468,-11.502144797441115,31.371150040654506
6469,-11.41174370638293,31.37113548202338
6470,-11.32134205958799,31.37112104588937
6471,-11.230939861221648,31.37110673206626
6472,-11.14053711545487,31.371092540369563
6473,-11.050133826464238,31.371078470616485
6474,-10.959729998431834,31.371064522625936
6475,-10.869325635545229,31.371050696218536
6476,-10.778920741997466,31.37103699121659
6477,-10.688515321986989,31.3710234074441
6478,-10.598109379717595,31.37100994472672
6479,-10.507702919398412,31.370996602891804
6480,-10.41729594524385,31.37098338176838
6481,-10.326888461473557,31.37097028118712
6482,-10.236480472312351,31.37095730098037
6483,-10.146071981990245,31.37094444098212
6484,-10.055662994742317,31.370931701028017
6485,-9.965253514808737,31.370919080955343
6486,-9.87484354643468,31.37090658060303
6487,-9.78443309387032,31.370894199811627
6488,-9.694022161370745,31.37088193842332
6489,-9.603610753195948,31.37086979628191
6490,-9.513198873610785,31.370857773232828
6491,-9.42278652688487,31.37084586912312
6492,-9.332373717292644,31.370834083801405
6493,-9.241960449113217,31.37082241711796
6494,-9.151546726630404,31.37081086892462
6495,-9.061132554132632,31.370799439074823
6496,-8.970717935912937,31.370788127423605
6497,-8.880302876268889,31.370776933827575
6498,-8.789887379502552,31.370765858144942
6499,-8.699471449920463,31.370754900235458
6500,-8.60905509183356,31.37074405996048
6501,-14.6612187596541,31.465972183432044
6502,-14.570839661350403,31.4659532128878
6503,-14.480459865585674,31.465934372477
6504,-14.390079376302811,31.46591566194925
6505,-14.299698197451836,31.465897081056116
6506,-14.209316332989756,31.465878629551117
6507,-14.118933786880548,31.465860307189708
6508,-14.028550563095116,31.465842113729323
6509,-13.938166665611286,31.465824048929285
6510,-13.84778209841372,31.46580611255087
6511,-13.757396865493876,31.46578830435725
6512,-13.667010970850033,31.46577062411351
6513,-13.57662441848715,31.465753071586644
6514,-13.486237212416915,31.46573564654553
6515,-13.39584935665765,31.46571834876093
6516,-13.3054608552343,31.46570117800548
6517,-13.21507171217837,31.465684134053703
6518,-13.124681931527908,31.46566721668196
6519,-13.034291517327432,31.465650425668485
6520,-12.943900473627927,31.46563376079335
6521,-12.853508804486784,31.46561722183846
6522,-12.763116513967743,31.46560080858757
6523,-12.672723606140895,31.46558452082626
6524,-12.582330085082583,31.465568358341912
6525,-12.491935954875432,31.46555232092373
6526,-12.401541219608246,31.465536408362727
6527,-12.311145883375993,31.465520620451706
6528,-12.220749950279751,31.465504956985264
6529,-12.130353424426689,31.46548941775978
6530,-12.039956309930012,31.465474002573423
6531,-11.949558610908912,31.465458711226116
6532,-11.859160331488544,31.465443543519555
6533,-11.768761475799955,31.465428499257204
6534,-11.67836204798009,31.465413578244263
6535,-11.58796205217169,31.46539878028769
6536,-11.497561492523312,31.465384105196165
6537,-11.407160373189225,31.46536955278012
6538,-11.31675869832943,31.46535512285172
6539,-11.226356472109565,31.465340815224824
6540,-11.135953698700892,31.46532662971503
6541,-11.045550382280249,31.46531256613963
6542,-10.955146527030012,31.465298624317636
6543,-10.864742137138045,31.46528480406973
6544,-10.774337216797644,31.465271105218317
6545,-10.683931770207527,31.465257527587468
6546,-10.593525801571769,31.465244071002957
6547,-10.503119315099765,31.46523073529219
6548,-10.412712315006196,31.465217520284284
6549,-10.322304805510962,31.46520442581001
6550,-10.231896790839157,31.46519145170179
6551,-10.141488275221048,31.465178597793702
6552,-10.051079262891966,31.465165863921467
6553,-9.960669758092346,31.46515324992246
6554,-9.87025976506761,31.46514075563568
6555,-9.779849288068185,31.46512838090177
6556,-9.689438331349413,31.465116125563007
6557,-9.59902689917153,31.465103989463262
6558,-9.508614995799617,31.465091972448057
6559,-9.41820262550357,31.4650800743645
6560,-9.327789792558043,31.46506829506132
6561,-9.237376501242396,31.46505663438885
6562,-9.146962755840669,31.465045092199016
6563,-9.056548560641536,31.465033668345345
6564,-8.96613391993825,31.46502236268294
6565,-8.875718838028611,31.465011175068497
6566,-8.785303319214924,31.465000105360296
6567,-8.694887367803943,31.464989153418188
6568,-8.604470988106833,31.464978319103583
6569,-14.566211887993022,31.560182198306023
6570,-14.475832056621671,31.5601633645518
6571,-14.385451531934292,31.56014466066786
6572,-14.29507031788124,31.56012608640585
6573,-14.204688418419872,31.56010764151942
6574,-14.11430583751454,31.56008932576412
6575,-14.0239225791365,31.560071138897463
6576,-13.93353864726392,31.56005308067889
6577,-13.843154045881812,31.560035150869755
6578,-13.752768778982007,31.560017349233352
6579,-13.662382850563093,31.559999675534847
6580,-13.571996264630394,31.55998212954134
6581,-13.481609025195942,31.559964711021788
6582,-13.391221136278386,31.55994741974708
6583,-13.300832601903018,31.55993025548992
6584,-13.210443426101673,31.55991321802494
6585,-13.120053612912727,31.559896307128597
6586,-13.029663166381049,31.55987952257921
6587,-12.93927209055794,31.559862864156948
6588,-12.8488803895011,31.559846331643826
6589,-12.758488067274628,31.559829924823678
6590,-12.668095127948916,31.559813643482173
6591,-12.577701575600644,31.55979748740679
6592,-12.487307414312736,31.55978145638684
6593,-12.396912648174322,31.5597655502134
6594,-12.306517281280676,31.559749768679392
6595,-12.216121317733208,31.55973411157949
6596,-12.125724761639384,31.55971857871017
6597,-12.035327617112715,31.55970316986969
6598,-11.944929888272704,31.55968788485806
6599,-11.854531579244814,31.55967272347708
6600,-11.764132694160384,31.559657685530283
6601,-11.673733237156654,31.559642770822972
6602,-11.583333212376672,31.559627979162187
6603,-11.492932623969292,31.559613310356703
6604,-11.402531476089072,31.55959876421705
6605,-11.3121297728963,31.559584340555457
6606,-11.221727518556914,31.55957003918589
6607,-11.131324717242446,31.559555859924025
6608,-11.040921373130036,31.559541802587244
6609,-10.95051749040233,31.55952786699464
6610,-10.860113073247474,31.559514052967003
6611,-10.769708125859038,31.559500360326805
6612,-10.679302652436023,31.55948678889821
6613,-10.58889665718279,31.55947333850706
6614,-10.49849014430898,31.559460008980885
6615,-10.408083118029548,31.559446800148866
6616,-10.317675582564672,31.559433711841848
6617,-10.227267542139709,31.55942074389235
6618,-10.136859000985176,31.559407896134527
6619,-10.04644996333668,31.5593951684042
6620,-9.956040433434902,31.559382560538808
6621,-9.865630415525526,31.559370072377448
6622,-9.775219913859226,31.559357703760845
6623,-9.684808932691611,31.55934545453135
6624,-9.594397476283149,31.55933332453293
6625,-9.503985548899184,31.55932131361118
6626,-9.413573154809848,31.55930942161329
6627,-9.323160298290029,31.55929764838808
6628,-9.232746983619338,31.55928599378596
6629,-9.14233321508205,31.55927445765893
6630,-9.051918996967077,31.559263039860607
6631,-8.961504333567909,31.55925174024617
6632,-8.871089229182573,31.55924055867241
6633,-8.780673688113605,31.559229494997677
6634,-8.69025771466798,31.55921854908189
6635,-14.561538576312977,31.65440627583004
6636,-14.471158708995134,31.654387448797227
6637,-14.38077814856537,31.654368751621803
6638,-14.29039689897438,31.654350184055527
6639,-14.200014964179893,31.65433174585214
6640,-14.109632348146611,31.654313436767296
6641,-14.019249054846156,31.65429525655861
6642,-13.92886508825706,31.65427720498562
6643,-13.83848045236467,31.654259281809782
6644,-13.748095151161172,31.65424148679449
6645,-13.657709188645509,31.65422381970501
6646,-13.567322568823355,31.65420628030852
6647,-13.476935295707069,31.654188868374103
6648,-13.38654737331566,31.654171583672728
6649,-13.29615880567476,31.654154425977204
6650,-13.205769596816529,31.654137395062257
6651,-13.115379750779706,31.65412049070444
6652,-13.024989271609458,31.65410371268216
6653,-12.93459816335744,31.6540870607757
6654,-12.844206430081693,31.654070534767143
6655,-12.753814075846616,31.65405413444044
6656,-12.663421104722948,31.654037859581347
6657,-12.57302752078768,31.65402170997744
6658,-12.482633328124068,31.654005685418117
6659,-12.39223853082156,31.653989785694552
6660,-12.301843132975742,31.65397401059976
6661,-12.211447138688332,31.653958359928502
6662,-12.12105055206713,31.653942833477355
6663,-12.030653377225942,31.653927431044657
6664,-11.940255618284583,31.653912152430525
6665,-11.84985727936882,31.653896997436835
6666,-11.7594583646103,31.65388196586722
6667,-11.669058878146576,31.653867057527076
6668,-11.578658824120987,31.65385227222352
6669,-11.488258206682666,31.65383760976544
6670,-11.397857029986492,31.653823069963416
6671,-11.307455298193045,31.6538086526298
6672,-11.21705301546853,31.653794357578644
6673,-11.126650185984806,31.653780184625692
6674,-11.03624681391927,31.653766133588444
6675,-10.94584290345486,31.65375220428606
6676,-10.85543845878001,31.653738396539417
6677,-10.765033484088578,31.65372471017108
6678,-10.674627983579828,31.653711145005307
6679,-10.584221961458384,31.653697700868022
6680,-10.493815421934196,31.653684377586828
6681,-10.40340836922247,31.653671174991
6682,-10.313000807543656,31.65365809291148
6683,-10.22259274112338,31.653645131180863
6684,-10.13218417419242,31.653632289633396
6685,-10.041775110986654,31.65361956810497
6686,-9.951365555747014,31.653606966433124
6687,-9.860955512719448,31.653594484457034
6688,-9.77054498615489,31.65358212201751
6689,-9.680133980309185,31.653569878956983
6690,-9.589722499443074,31.65355775511951
6691,-9.49931054782214,31.65354575035076
6692,-9.40889812971676,31.653533864498023
6693,-9.318485249402071,31.65352209741019
6694,-9.22807191115793,31.653510448937745
6695,-9.137658119268847,31.6534989189328
6696,-9.047243878023975,31.653487507249014
6697,-8.956829191717034,31.65347621374169
6698,-8.866414064646289,31.65346503826767
6699,-14.466439837739664,31.74860657890688
6700,-14.376059241230069,31.748587888504645
6701,-14.285677955765712,31.74856932769865
6702,-14.195295985304687,31.748550896242744
6703,-14.104913333812064,31.748532593892676
6704,-14.01453000525983,31.748514420406163
6705,-13.924146003626849,31.74849637554284
6706,-13.833761332898856,31.74847845906428
6707,-13.743375997068371,31.748460670733945
6708,-13.652990000134706,31.748443010317224
6709,-13.56260334610386,31.748425477581403
6710,-13.472216038988568,31.748408072295646
6711,-13.381828082808171,31.74839079423101
6712,-13.29143948158864,31.748373643160438
6713,-13.201050239362498,31.748356618858708
6714,-13.11066036016879,31.7483397211025
6715,-13.020269848053056,31.74832294967032
6716,-12.929878707067257,31.748306304342524
6717,-12.83948694126978,31.74828978490132
6718,-12.749094554725367,31.74827339113073
6719,-12.658701551505064,31.74825712281661
6720,-12.568307935686205,31.748240979746644
6721,-12.477913711352356,31.748224961710317
6722,-12.387518882593302,31.748209068498884
6723,-12.297123453504936,31.74819329990547
6724,-12.206727428189314,31.748177655724927
6725,-12.116330810754524,31.74816213575393
6726,-12.02593360531471,31.748146739790887
6727,-11.935535815989992,31.74813146763603
6728,-11.845137446906437,31.74811631909132
6729,-11.754738502196012,31.748101293960477
6730,-11.664338985996563,31.748086392048982
6731,-11.57393890245174,31.748071613164072
6732,-11.483538255710975,31.74805695711469
6733,-11.393137049929454,31.748042423711546
6734,-11.302735289268028,31.74802801276704
6735,-11.212332977893228,31.748013724095337
6736,-11.121930119977176,31.74799955751227
6737,-11.03152671969758,31.747985512835417
6738,-10.941122781237658,31.747971589884035
6739,-10.850718308786131,31.747957788479088
6740,-10.76031330653713,31.74794410844323
6741,-10.66990777869022,31.74793054960081
6742,-10.57950172945028,31.747917111777827
6743,-10.489095163027557,31.747903794801985
6744,-10.398688083637518,31.747890598502643
6745,-10.308280495500885,31.747877522710827
6746,-10.217872402843565,31.747864567259217
6747,-10.12746380989659,31.74785173198214
6748,-10.037054720896103,31.747839016715595
6749,-9.946645140083318,31.747826421297187
6750,-9.856235071704424,31.74781394556619
6751,-9.76582452001062,31.747801589363483
6752,-9.67541348925801,31.747789352531598
6753,-9.585001983707585,31.747777234914658
6754,-9.494590007625176,31.74776523635844
6755,-9.40417756528142,31.74775335671029
6756,-9.313764660951696,31.74774159581921
6757,-9.223351298916104,31.74772995353576
6758,-9.132937483459392,31.747718429712123
6759,-9.042523218870963,31.74770702420206
6760,-8.952108509444773,31.747695736860933
6761,-8.861693359479325,31.74768456754569
6762,-14.46167545803253,31.84282070863803
6763,-14.371294825106094,31.84280202507361
6764,-14.28091350343337,31.842783471092424
6765,-14.190531496972834,31.842765046448385
6766,-14.100148809689896,31.84274675089737
6767,-14.009765445556926,31.842728584197182
6768,-13.91938140855314,31.842710546107583
6769,-13.828996702664645,31.84269263639022
6770,-13.738611331884316,31.84267485480867
6771,-13.648225300211802,31.84265720112842
6772,-13.55783861165349,31.84263967511685
6773,-13.467451270222424,31.842622276543235
6774,-13.377063279938335,31.84260500517872
6775,-13.286674644827514,31.842587860796343
6776,-13.196285368922831,31.842570843171007
6777,-13.105895456263688,31.84255395207946
6778,-13.015504910895949,31.84253718730032
6779,-12.925113736871936,31.842520548614036
6780,-12.83472193825035,31.842504035802907
6781,-12.74432951909628,31.842487648651066
6782,-12.65393648348109,31.842471386944464
6783,-12.563542835482457,31.842455250470856
6784,-12.47314857918428,31.842439239019843
6785,-12.382753718676652,31.842423352382784
6786,-12.292358258055806,31.842407590352877
6787,-12.2019622014241,31.84239195272508
6788,-12.11156555288996,31.84237643929615
6789,-12.021168316567833,31.84236104986461
6790,-11.930770496578155,31.84234578423077
6791,-11.840372097047316,31.84233064219668
6792,-11.74997312210758,31.84231562356617
6793,-11.659573575897106,31.8423007281448
6794,-11.569173462559863,31.842285955739897
6795,-11.47877278624557,31.8422713061605
6796,-11.388371551109712,31.842256779217404
6797,-11.297969761313452,31.84224237472312
6798,-11.207567421023606,31.842228092491872
6799,-11.117164534412604,31.84221393233961
6800,-11.026761105658442,31.84219989408399
6801,-10.936357138944617,31.842185977544364
6802,-10.845952638460137,31.84217218254178
6803,-10.75554760839943,31.84215850889899
6804,-10.665142052962342,31.84214495644041
6805,-10.574735976354042,31.842131524992155
6806,-10.48432938278504,31.842118214382
6807,-10.393922276471082,31.842105024439395
6808,-10.30351466163318,31.842091954995453
6809,-10.213106542497492,31.84207900588294
6810,-10.122697923295332,31.842066176936285
6811,-10.032288808263116,31.842053467991548
6812,-9.941879201642305,31.842040878886444
6813,-9.851469107679366,31.842028409460312
6814,-9.76105853062575,31.842016059554137
6815,-9.67064747473783,31.84200382901052
6816,-9.580235944276843,31.84199171767369
6817,-9.489823943508885,31.84197972538948
6818,-9.39941147670483,31.84196785200535
6819,-9.308998548140318,31.841956097370364
6820,-9.218585162095684,31.841944461335174
6821,-9.128171322855945,31.841932943752056
6822,-9.03775703471072,31.841921544474847
6823,-8.947342301954212,31.84191026335899
6824,-8.85692712888517,31.841899100261514
6825,-14.456865585194546,31.937029791812204
6826,-14.366484915514688,31.9370111151502
6827,-14.276103557299049,31.936992568058272
6828,-14.18572151450643,31.936974150290464
6829,-14.095338791102654,31.936955861602733
6830,-14.004955391060426,31.93693770175301
6831,-13.914571318359362,31.936919670501126
6832,-13.82418657698589,31.93690176760885
6833,-13.73380117093328,31.936883992839867
6834,-13.643415104201528,31.936866345959743
6835,-13.553028380797366,31.936848826735982
6836,-13.462641004734223,31.936831434937947
6837,-13.37225298003215,31.93681417033689
6838,-13.281864310717808,31.936797032705947
6839,-13.191475000824411,31.936780021820116
6840,-13.101085054391698,31.93676313745624
6841,-13.010694475465884,31.93674637939304
6842,-12.920303268099635,31.936729747411064
6843,-12.829911436351995,31.93671324129272
6844,-12.739518984288372,31.93669686082222
6845,-12.649125915980488,31.93668060578561
6846,-12.558732235506342,31.936664475970765
6847,-12.468337946950152,31.936648471167352
6848,-12.377943054402351,31.936632591166852
6849,-12.287547561959505,31.936616835762543
6850,-12.197151473724286,31.936601204749486
6851,-12.106754793805452,31.93658569792453
6852,-12.016357526317762,31.936570315086293
6853,-11.925959675381964,31.93655505603517
6854,-11.835561245124769,31.93653992057332
6855,-11.74516223967876,31.93652490850465
6856,-11.654762663182405,31.93651001963484
6857,-11.56436251977996,31.93649525377127
6858,-11.473961813621475,31.93648061072311
6859,-11.383560548862738,31.936466090301217
6860,-11.2931587296652,31.936451692318208
6861,-11.20275636019599,31.9364374165884
6862,-11.11235344462782,31.93642326292784
6863,-11.021949987138994,31.93640923115425
6864,-10.931545991913302,31.93639532108709
6865,-10.841141463140032,31.936381532547507
6866,-10.75073640501392,31.93636786535832
6867,-10.66033082173507,31.93635431934405
6868,-10.569924717508956,31.936340894330904
6869,-10.479518096546355,31.93632759014673
6870,-10.389110963063317,31.936314406621086
6871,-10.298703321281096,31.93630134358516
6872,-10.20829517542615,31.93628840087181
6873,-10.117886529730065,31.93627557831555
6874,-10.027477388429505,31.93626287575253
6875,-9.93706775576622,31.93625029302055
6876,-9.846657635986942,31.93623782995904
6877,-9.756247033343378,31.936225486409075
6878,-9.665835952092156,31.93621326221333
6879,-9.575424396494782,31.936201157216125
6880,-9.4850123708176,31.93618917126339
6881,-9.394599879331754,31.936177304202666
6882,-9.30418692631312,31.93616555588309
6883,-9.213773516042288,31.93615392615541
6884,-9.12335965280452,31.936142414871973
6885,-9.032945340889675,31.93613102188672
6886,-8.942530584592214,31.936119747055177
6887,-14.361629527920565,32.0312151126207
6888,-14.271248132827854,32.03119657248247
6889,-14.180866053371057,32.03117816165519
6890,-14.090483293516334,32.03115987989495
6891,-14.000099857236778,32.03114172695975
6892,-13.909715748512369,32.031123702609555
6893,-13.819330971329904,32.03110580660623
6894,-13.728945529683005,32.03108803871354
6895,-13.638559427572048,32.03107039869718
6896,-13.548172669004126,32.031052886324744
6897,-13.457785257993011,32.03103550136569
6898,-13.367397198559114,32.03101824359138
6899,-13.277008494729449,32.03100111277506
6900,-13.186619150537586,32.0309841086918
6901,-13.096229170023614,32.030967231118574
6902,-13.005838557234094,32.03095047983418
6903,-12.91544731622203,32.030933854619285
6904,-12.825055451046802,32.03091735525637
6905,-12.734662965774184,32.03090098152977
6906,-12.644269864476213,32.03088473322561
6907,-12.553876151231233,32.03086861013188
6908,-12.463481830123806,32.03085261203832
6909,-12.373086905244676,32.03083673873654
6910,-12.282691380690746,32.03082099001988
6911,-12.192295260565018,32.03080536568352
6912,-12.101898548976568,32.03078986552439
6913,-12.011501250040492,32.03077448934122
6914,-11.92110336787785,32.030759236934486
6915,-11.830704906615663,32.03074410810645
6916,-11.740305870386836,32.030729102661105
6917,-11.649906263330152,32.03071422040423
6918,-11.559506089590178,32.0306994611433
6919,-11.469105353317271,32.030684824687576
6920,-11.378704058667532,32.03067031084801
6921,-11.28830220980271,32.03065591943731
6922,-11.197899810890238,32.030641650269885
6923,-11.107496866103132,32.03062750316186
6924,-11.01709337961998,32.03061347793108
6925,-10.92668935562488,32.03059957439707
6926,-10.836284798307418,32.030585792381075
6927,-10.745879711862608,32.03057213170601
6928,-10.655474100490848,32.030558592196485
6929,-10.565067968397898,32.03054517367878
6930,-10.47466131979482,32.03053187598087
6931,-10.384254158897935,32.03051869893236
6932,-10.293846489928798,32.03050564236456
6933,-10.203438317114124,32.030492706110394
6934,-10.113029644685785,32.03047989000448
6935,-10.02262047688072,32.03046719388305
6936,-9.93221081794094,32.030454617583985
6937,-9.84180067211344,32.030442160946826
6938,-9.751390043650211,32.0304298238127
6939,-9.660978936808132,32.03041760602441
6940,-9.570567355848972,32.03040550742633
6941,-9.48015530503933,32.03039352786449
6942,-9.38974278865061,32.03038166718651
6943,-9.299329810958948,32.03036992524162
6944,-9.208916376245176,32.03035830188067
6945,-9.118502488794809,32.03034679695606
6946,-9.028088152897952,32.03033541032184
6947,-14.356728677931669,32.12541397143682
6948,-14.26634724562821,32.12539543831667
6949,-14.175965129175546,32.1253770344942
6950,-14.085582332540229,32.12535875972559
6951,-13.995198859695712,32.12534061376897
6952,-13.904814714622333,32.12532259638438
6953,-13.814429901307294,32.12530470733379
6954,-13.724044423744555,32.1252869463811
6955,-13.633658285934873,32.12526931329209
6956,-13.5432714918857,32.125251807834445
6957,-13.452884045611157,32.12523442977775
6958,-13.362495951132033,32.12521717889344
6959,-13.272107212475683,32.12520005495488
6960,-13.181717833676048,32.125183057737246
6961,-13.091327818773562,32.12516618701759
6962,-13.000937171815131,32.12514944257484
6963,-12.910545896854106,32.12513282418974
6964,-12.820153997950236,32.125116331644875
6965,-12.729761479169596,32.12509996472468
6966,-12.6393683445846,32.1250837232154
6967,-12.548974598273912,32.125067606905084
6968,-12.458580244322432,32.12505161558361
6969,-12.368185286821255,32.12503574904264
6970,-12.277789729867594,32.125020007075655
6971,-12.187393577564809,32.1250043894779
6972,-12.096996834022269,32.12498889604643
6973,-12.00659950335541,32.12497352658006
6974,-11.91620158968562,32.12495828087935
6975,-11.82580309714025,32.12494315874665
6976,-11.735404029852504,32.12492815998609
6977,-11.64500439196149,32.1249132844035
6978,-11.554604187612089,32.12489853180647
6979,-11.464203420954975,32.12488390200434
6980,-11.37380209614654,32.124869394808194
6981,-11.28340021734886,32.124855010030785
6982,-11.19299778872966,32.12484074748665
6983,-11.102594814462272,32.12482660699199
6984,-11.012191298725572,32.12481258836474
6985,-10.921787245703966,32.12479869142454
6986,-10.831382659587325,32.12478491599269
6987,-10.74097754457096,32.12477126189223
6988,-10.650571904855571,32.124757728947834
6989,-10.560165744647191,32.1247443169859
6990,-10.469759068157185,32.124731025834464
6991,-10.37935187960215,32.12471785532325
6992,-10.288944183203908,32.124704805283635
6993,-10.19853598318948,32.124691875548656
6994,-10.108127283790989,32.124679065953
6995,-10.017718089245674,32.12466637633299
6996,-9.927308403795802,32.12465380652662
6997,-9.83689823168865,32.12464135637348
6998,-9.74648757717646,32.12462902571482
6999,-9.656076444516394,32.1246168143935
7000,-9.56566483797047,32.12460472225401
7001,-9.47525276180557,32.12459274914246
7002,-9.384840220293324,32.12458089490655
7003,-9.29442721771015,32.124569159395605
7004,-9.204013758337124,32.12455754246054
7005,-9.113599846460009,32.124546043953885
7006,-9.02318548636917,32.12453466372973
7007,-14.35178238129914,32.2196076456162
7008,-14.261400911451696,32.21958911957848
7009,-14.171018757671948,32.21957072282504
7010,-14.080635923926808,32.21955245511218
7011,-13.990252414190127,32.219534316198114
7012,-13.899868232442628,32.219516305843015
7013,-13.809483382671855,32.21949842380895
7014,-13.719097868872176,32.219480669859905
7015,-13.628711695044682,32.21946304376178
7016,-13.538324865197197,32.21944554528237
7017,-13.44793738334424,32.21942817419134
7018,-13.357549253506928,32.21941093026026
7019,-13.267160479712992,32.21939381326256
7020,-13.17677106599672,32.21937682297354
7021,-13.086381016398898,32.21935995917036
7022,-12.995990334966798,32.21934322163204
7023,-12.90559902575412,32.21932661013942
7024,-12.81520709282095,32.21931012447519
7025,-12.72481454023373,32.21929376442388
7026,-12.634421372065198,32.219277529771844
7027,-12.54402759239437,32.21926142030723
7028,-12.453633205306486,32.21924543581999
7029,-12.363238214892975,32.219229576101924
7030,-12.272842625251393,32.219213840946594
7031,-12.182446440485403,32.21919823014933
7032,-12.09204966470475,32.219182743507304
7033,-12.001652302025168,32.2191673808194
7034,-11.911254356568383,32.21915214188631
7035,-11.820855832462057,32.21913702651047
7036,-11.730456733839729,32.21912203449609
7037,-11.64005706484082,32.2191071656491
7038,-11.549656829610536,32.2190924197772
7039,-11.459256032299852,32.21907779668982
7040,-11.368854677065476,32.219063296198115
7041,-11.278452768069805,32.219048918114964
7042,-11.188050309480865,32.21903466225498
7043,-11.09764730547228,32.21902052843446
7044,-11.007243760223249,32.219006516471445
7045,-10.916839677918466,32.218992626185646
7046,-10.826435062748104,32.21897885739848
7047,-10.73602991890778,32.21896520993305
7048,-10.645624250598472,32.21895168361416
7049,-10.55521806202652,32.21893827826826
7050,-10.464811357403557,32.21892499372351
7051,-10.37440414094648,32.218911829809706
7052,-10.2839964168774,32.218898786358324
7053,-10.19358818942361,32.21888586320247
7054,-10.10317946281752,32.21887306017695
7055,-10.01277024129664,32.21886037711818
7056,-9.92236052910352,32.218847813864215
7057,-9.831950330485697,32.21883537025476
7058,-9.741539649695698,32.218823046131135
7059,-9.651128490990942,32.2188108413363
7060,-9.560716858633723,32.21879875571484
7061,-9.470304756891172,32.218786789112926
7062,-9.379892190035193,32.21877494137838
7063,-9.289479162342449,32.218763212360585
7064,-9.199065678094287,32.21875160191057
7065,-9.108651741576711,32.218740109880926
7066,-14.34679065391716,32.31379608924307
7067,-14.256409146192931,32.31377757035207
7068,-14.166026954755305,32.31375918073186
7069,-14.075644083571593,32.313740920138805
7070,-13.98526053661602,32.31372278833126
7071,-13.89487631786966,32.31370478506949
7072,-13.804491431320471,32.31368691011566
7073,-13.714105880963173,32.31366916323389
7074,-13.62371967079924,32.31365154419015
7075,-13.533332804836869,32.31363405275236
7076,-13.442945287090932,32.31361668869028
7077,-13.352557121582914,32.31359945177559
7078,-13.262168312340917,32.313582341781824
7079,-13.171778863399588,32.31356535848438
7080,-13.08138877880007,32.313548501660534
7081,-12.990998062589998,32.31353177108938
7082,-12.900606718823411,32.31351516655188
7083,-12.810214751560752,32.31349868783083
7084,-12.719822164868823,32.31348233471085
7085,-12.629428962820702,32.31346610697838
7086,-12.539035149495753,32.313450004421696
7087,-12.44864072897954,32.313434026830855
7088,-12.358245705363853,32.313418173997725
7089,-12.267850082746586,32.31340244571597
7090,-12.177453865231737,32.31338684178106
7091,-12.087057056929368,32.31337136199021
7092,-11.996659661955569,32.313356006142435
7093,-11.906261684432373,32.31334077403852
7094,-11.815863128487775,32.313325665480995
7095,-11.72546399825565,32.31331068027416
7096,-11.635064297875726,32.313295818224056
7097,-11.544664031493536,32.31328107913847
7098,-11.454263203260371,32.313266462826924
7099,-11.363861817333252,32.31325196910068
7100,-11.273459877874886,32.313237597772705
7101,-11.183057389053625,32.31322334865771
7102,-11.092654355043388,32.31320922157208
7103,-11.00225078002368,32.31319521633395
7104,-10.911846668179496,32.313181332763136
7105,-10.82144202370132,32.31316757068114
7106,-10.731036850785058,32.31315392991116
7107,-10.64063115363198,32.31314041027809
7108,-10.550224936448732,32.31312701160848
7109,-10.459818203447238,32.31311373373056
7110,-10.369410958844684,32.31310057647424
7111,-10.27900320686346,32.31308753967109
7112,-10.188594951731146,32.31307462315431
7113,-10.09818619768044,32.313061826758776
7114,-10.007776948949124,32.313049150321
7115,-9.917367209780029,32.313036593679136
7116,-9.82695698442097,32.313024156672974
7117,-9.736546277124743,32.313011839143925
7118,-9.646135092149036,32.312999640935054
7119,-9.555723433756413,32.312987561891006
7120,-9.465311306214266,32.312975601858064
7121,-9.37489871379478,32.31296376068413
7122,-9.284485660774854,32.312952038218675
7123,-9.194072151436105,32.312940434312814
7124,-9.103658190064792,32.312928948819234
7125,-14.34175351182277,32.4079792564687
7126,-14.25137196588942,32.407960744788696
7127,-14.160989736463591,32.40794236236584
7128,-14.070606827512991,32.40792410895663
7129,-13.98022324301221,32.40790598431951
7130,-13.889838986942744,32.40788798821486
7131,-13.799454063292892,32.407870120404965
7132,-13.709068476057766,32.40785238065402
7133,-13.618682229239214,32.40783476872814
7134,-13.528295326845804,32.407817284395314
7135,-13.437907772892784,32.40779992742543
7136,-13.347519571402009,32.407782697590264
7137,-13.25713072640194,32.40776559466346
7138,-13.166741241927584,32.40774861842051
7139,-13.07635112202046,32.40773176863879
7140,-12.985960370728549,32.40771504509752
7141,-12.895568992106254,32.407698447577744
7142,-12.805176990214374,32.40768197586237
7143,-12.71478436912005,32.40766562973611
7144,-12.624391132896726,32.40764940898553
7145,-12.533997285624109,32.40763331339897
7146,-12.443602831388125,32.4076173427666
7147,-12.35320777428088,32.4076014968804
7148,-12.26281211840061,32.40758577553415
7149,-12.172415867851663,32.40757017852337
7150,-12.082019026744453,32.40755470564542
7151,-11.991621599195367,32.40753935669939
7152,-11.9012235893268,32.40752413148616
7153,-11.810825001267071,32.407509029808374
7154,-11.720425839150376,32.407494051470415
7155,-11.630026107116764,32.407479196278445
7156,-11.539625809312096,32.40746446404032
7157,-11.449224949887984,32.40744985456568
7158,-11.358823533001765,32.407435367665855
7159,-11.268421562816464,32.40742100315394
7160,-11.178019043500738,32.40740676084472
7161,-11.087615979228826,32.4073926405547
7162,-10.997212374180537,32.40737864210208
7163,-10.906808232541184,32.40736476530678
7164,-10.816403558501534,32.40735100999041
7165,-10.725998356257795,32.40733737597625
7166,-10.63559263001156,32.40732386308928
7167,-10.545186383969751,32.407310471156165
7168,-10.454779622344592,32.40729720000522
7169,-10.364372349353548,32.40728404946643
7170,-10.273964569219324,32.40727101937148
7171,-10.183556286169766,32.407258109553645
7172,-10.09314750443787,32.40724531984791
7173,-10.002738228261691,32.40723265009087
7174,-9.912328461884336,32.40722010012076
7175,-9.821918209553914,32.407207669777485
7176,-9.73150747552348,32.407195358902534
7177,-9.641096264051,32.40718316733904
7178,-9.550684579399311,32.407171094931776
7179,-9.460272425836072,32.407159141527096
7180,-9.369859807633723,32.40714730697299
7181,-9.27944672906944,32.40713559111903
7182,-9.189033194425097,32.407123993816406
7183,-9.098619207987213,32.407112514917905
7184,-14.246289386721443,32.502138597107304
7185,-14.155907118977549,32.5021202219459
7186,-14.065524171932198,32.50210197578452
7187,-13.975140549560397,32.502083858381695
7188,-13.884756255843996,32.502065869497926
7189,-13.7943712947717,32.50204800889559
7190,-13.703985670338986,32.50203027633901
7191,-13.613599386548094,32.5020126715944
7192,-13.523212447407964,32.50199519442985
7193,-13.432824856934204,32.50197784461536
7194,-13.342436619149058,32.50196062192281
7195,-13.25204773808135,32.50194352612594
7196,-13.16165821776646,32.50192655700037
7197,-13.071268062246268,32.50190971432355
7198,-12.980877275569112,32.501892997874826
7199,-12.890485861789765,32.50187640743534
7200,-12.800093824969368,32.5018599427881
7201,-12.709701169175446,32.50184360371793
7202,-12.619307898481768,32.50182739001147
7203,-12.528914016968402,32.501811301457195
7204,-12.438519528721615,32.50179533784537
7205,-12.348124437833873,32.50177949896808
7206,-12.257728748403755,32.501763784619165
7207,-12.167332464535948,32.50174819459429
7208,-12.076935590341192,32.5017327286909
7209,-11.986538129936232,32.50171738670818
7210,-11.896140087443785,32.50170216844713
7211,-11.8057414669925,32.501687073710464
7212,-11.715342272716905,32.50167210230269
7213,-11.624942508757393,32.50165725403004
7214,-11.534542179260129,32.50164252870049
7215,-11.444141288377049,32.501627926123774
7216,-11.35373984026583,32.50161344611132
7217,-11.263337839089797,32.50159908847631
7218,-11.172935289017923,32.50158485303362
7219,-11.082532194224768,32.50157073959987
7220,-10.99212855889045,32.501556747993355
7221,-10.901724387200575,32.50154287803407
7222,-10.811319683346252,32.50152912954374
7223,-10.720914451523967,32.50151550234573
7224,-10.630508695935616,32.50150199626513
7225,-10.540102420788417,32.50148861112867
7226,-10.449695630294906,32.50147534676478
7227,-10.359288328672832,32.50146220300355
7228,-10.268880520145183,32.50144917967672
7229,-10.178472208940113,32.501436276617696
7230,-10.088063399290894,32.50142349366153
7231,-9.997654095435864,32.50141083064492
7232,-9.907244301618425,32.501398287406204
7233,-9.816834022086944,32.50138586378535
7234,-9.726423261094777,32.501373559623964
7235,-9.636012022900143,32.50136137476527
7236,-9.545600311766172,32.501349309054106
7237,-9.455188131960774,32.50133736233695
7238,-9.364775487756672,32.501325534461856
7239,-9.2743623834313,32.5013138252785
7240,-9.18394882326679,32.50130223463817
7241,-9.093534811549928,32.50129076239372
7242,-14.241161425011908,32.59631108159506
7243,-14.150779118620536,32.59629271375917
7244,-14.060396133153048,32.59627447490955
7245,-13.97001247258484,32.59625636480485
7246,-13.879628140898152,32.596238383205666
7247,-13.789243142082086,32.5962205298745
7248,-13.698857480132492,32.596202804575775
7249,-13.608471159051998,32.5961852070758
7250,-13.518084182849917,32.59616773714279
7251,-13.427696555542232,32.596150394546854
7252,-13.337308281151577,32.59613317905997
7253,-13.24691936370713,32.59611609045598
7254,-13.156529807244656,32.59609912851061
7255,-13.066139615806389,32.59608229300144
7256,-12.97574879344104,32.59606558370788
7257,-12.885357344203753,32.5960490004112
7258,-12.79496527215603,32.59603254289451
7259,-12.70457258136572,32.596016210942736
7260,-12.614179275906997,32.59600000434263
7261,-12.523785359860252,32.59598392288276
7262,-12.43339083731212,32.595967966353484
7263,-12.342995712355403,32.595952134547005
7264,-12.252599989089036,32.595936427257264
7265,-12.162203671618048,32.59592084428002
7266,-12.07180676405352,32.59590538541282
7267,-11.981409270512536,32.595890050454955
7268,-11.891011195118152,32.59587483920752
7269,-11.800612541999362,32.59585975147333
7270,-11.710213315291002,32.59584478705698
7271,-11.619813519133814,32.59582994576483
7272,-11.529413157674284,32.595815227404934
7273,-11.43901223506469,32.595800631787114
7274,-11.348610755463003,32.59578615872292
7275,-11.258208723032904,32.59577180802562
7276,-11.16780614194364,32.5957575795102
7277,-11.077403016370134,32.59574347299335
7278,-10.986999350492784,32.59572948829348
7279,-10.896595148497534,32.59571562523069
7280,-10.806190414575768,32.59570188362677
7281,-10.715785152924305,32.59568826330521
7282,-10.625379367745335,32.595674764091186
7283,-10.53497306324638,32.595661385811525
7284,-10.444566243640276,32.59564812829475
7285,-10.354158913145064,32.595634991371035
7286,-10.26375107598404,32.59562197487223
7287,-10.173342736385631,32.59560907863184
7288,-10.082933898583404,32.595596302484985
7289,-9.992524566815996,32.595583646268466
7290,-9.902114745327076,32.595571109820725
7291,-9.81170443836531,32.59555869298182
7292,-9.721293650184316,32.59554639559343
7293,-9.630882385042607,32.595534217498894
7294,-9.540470647203572,32.59552215854314
7295,-9.450058440935416,32.59551021857273
7296,-9.359645770511102,32.595498397435804
7297,-9.269232640208354,32.595486694982135
7298,-14.23598809722622,32.69047815260795
7299,-14.145605751858412,32.69045979216159
7300,-14.055222727641851,32.690441560687624
7301,-13.964839028552335,32.690423457944824
7302,-13.87445465857248,32.6904054836939
7303,-13.78406962169178,32.690387637697455
7304,-13.693683921906468,32.69036991972002
7305,-13.603297563219565,32.69035232952802
7306,-13.512910549640766,32.690334866889785
7307,-13.42252288518645,32.69031753157551
7308,-13.332134573879586,32.690300323357285
7309,-13.241745619749766,32.69028324200908
7310,-13.151356026833112,32.69026628730671
7311,-13.060965799172235,32.69024945902786
7312,-12.970574940816215,32.69023275695206
7313,-12.880183455820552,32.69021618086067
7314,-12.789791348247128,32.69019973053691
7315,-12.699398622164152,32.690183405765815
7316,-12.60900528164614,32.69016720633423
7317,-12.518611330773856,32.69015113203084
7318,-12.428216773634285,32.6901351826461
7319,-12.337821614320577,32.69011935797231
7320,-12.247425856932024,32.69010365780352
7321,-12.157029505574004,32.6900880819356
7322,-12.066632564357924,32.69007263016617
7323,-11.976235037401237,32.69005730229466
7324,-11.88583692882732,32.690042098122234
7325,-11.795438242765504,32.690027017451825
7326,-11.705038983350994,32.69001206008814
7327,-11.61463915472482,32.689997225837594
7328,-11.52423876103382,32.68998251450838
7329,-11.433837806430605,32.689967925910416
7330,-11.343436295073468,32.68995345985534
7331,-11.253034231126392,32.68993911615652
7332,-11.162631618758994,32.68992489462904
7333,-11.072228462146471,32.689910795089695
7334,-10.981824765469554,32.68989681735699
7335,-10.891420532914488,32.68988296125111
7336,-10.80101576867299,32.68986922659396
7337,-10.710610476942174,32.68985561320911
7338,-10.620204661924545,32.68984212092184
7339,-10.52979832782792,32.68982874955908
7340,-10.43939147886544,32.68981549894943
7341,-10.348984119255444,32.68980236892318
7342,-10.258576253221529,32.68978935931226
7343,-10.16816788499242,32.68977646995027
7344,-10.077759018801965,32.68976370067243
7345,-9.987349658889087,32.689751051315646
7346,-9.89693980949776,32.689738521718425
7347,-9.80652947487692,32.689726111720944
7348,-9.716118659280466,32.68971382116497
7349,-9.625707366967209,32.68970164989393
7350,-9.535295602200794,32.68968959775284
7351,-9.444883369249707,32.68967766458835
7352,-9.354470672387189,32.68966585024872
7353,-9.26405751589122,32.68965415458379
7354,-14.1403870352994,32.78462141157846
7355,-14.050003972007325,32.78460318754401
7356,-13.95962023407204,32.78458509222685
7357,-13.869235825476602,32.7845671253878
7358,-13.778850750210871,32.78454928678959
7359,-13.688465012271482,32.784531576196855
7360,-13.598078615661844,32.78451399337612
7361,-13.507691564392026,32.78449653809582
7362,-13.4173038624788,32.784479210126285
7363,-13.32691551394553,32.7844620092397
7364,-13.23652652282217,32.784444935210125
7365,-13.146136893145217,32.784427987813515
7366,-13.055746628957657,32.78441116682763
7367,-12.965355734308948,32.784394472032126
7368,-12.874964213254954,32.784377903208465
7369,-12.784572069857932,32.784361460139976
7370,-12.694179308186444,32.78434514261179
7371,-12.60378593231538,32.78432895041087
7372,-12.513391946325852,32.78431288332598
7373,-12.422997354305217,32.78429694114772
7374,-12.332602160346967,32.78428112366846
7375,-12.242206368550754,32.78426543068236
7376,-12.151809983022297,32.784249861985394
7377,-12.061413007873377,32.78423441737531
7378,-11.971015447221747,32.7842190966516
7379,-11.880617305191178,32.78420389961555
7380,-11.79021858591131,32.78418882607019
7381,-11.699819293517686,32.78417387582033
7382,-11.609419432151688,32.78415904867249
7383,-11.519019005960487,32.784144344434964
7384,-11.428618019097,32.78412976291776
7385,-11.338216475719884,32.784115303932616
7386,-11.247814379993422,32.784100967293014
7387,-11.157411736087564,32.78408675281412
7388,-11.067008548177816,32.78407266031284
7389,-10.976604820445251,32.78405868960776
7390,-10.886200557076418,32.784044840519186
7391,-10.795795762263351,32.78403111286911
7392,-10.705390440203471,32.7840175064812
7393,-10.61498459509959,32.78400402118083
7394,-10.524578231159849,32.78399065679502
7395,-10.43417135259766,32.783977413152485
7396,-10.343763963631709,32.783964290083595
7397,-10.253356068485846,32.783951287420386
7398,-10.162947671389114,32.78393840499654
7399,-10.072538776575662,32.7839256426474
7400,-9.9821293882847,32.78391300020993
7401,-9.891719510760485,32.783900477522764
7402,-9.801309148252242,32.783888074426144
7403,-9.710898305014169,32.783875790761954
7404,-9.620486985305332,32.783863626373694
7405,-9.530075193389674,32.783851581106504
7406,-9.43966293353595,32.783839654807096
7407,-9.349250210017678,32.78382784732383
7408,-9.258837027113112,32.78381615850666
7409,-14.135122985693949,32.87877752650505
7410,-14.044739883000345,32.87875930997391
7411,-13.954356105895348,32.87874122214608
7412,-13.863971658362374,32.87872326278249
7413,-13.773586544391687,32.87870543164598
7414,-13.683200767980338,32.87868772850129
7415,-13.50242724385745,32.87865270525586
7416,-13.412039504173526,32.878635384694086
7417,-13.321651118104096,32.87861819120205
7418,-13.231262089679491,32.87860112455393
7419,-13.140872422936589,32.87858418452577
7420,-13.050482121918742,32.87856737089547
7421,-12.9600911906758,32.87855068344276
7422,-12.869699633263997,32.87853412194922
7423,-12.779307453745933,32.8785176861983
7424,-12.688914656190578,32.87850137597522
7425,-12.598521244673158,32.87848519106704
7426,-12.508127223275158,32.87846913126268
7427,-12.41773259608429,32.87845319635277
7428,-12.327337367194424,32.87843738612984
7429,-12.236941540705546,32.87842170038813
7430,-12.146545120723738,32.878406138923744
7431,-12.056148111361118,32.87839070153449
7432,-11.965750516735818,32.878375388020004
7433,-11.875352340971922,32.878360198181646
7434,-11.78495358819943,32.87834513182258
7435,-11.694554262554233,32.87833018874768
7436,-11.604154368178028,32.878315368763595
7437,-11.51375390921834,32.87830067167871
7438,-11.423352889828424,32.87828609730313
7439,-11.33295131416724,32.87827164544871
7440,-11.242549186399437,32.878257315929005
7441,-11.152146510695273,32.87824310855931
7442,-11.06174329123058,32.878229023156614
7443,-10.971339532186748,32.878215059539606
7444,-10.88093523775066,32.87820121752869
7445,-10.790530412114643,32.878187496945955
7446,-10.700125059476449,32.87817389761517
7447,-10.609719184039202,32.8781604193618
7448,-10.519312790011336,32.87814706201297
7449,-10.428905881606594,32.87813382539749
7450,-10.33849846304394,32.87812070934584
7451,-10.248090538547554,32.87810771369013
7452,-10.157682112346755,32.87809483826414
7453,-10.067273188676,32.87808208290331
7454,-9.976863771774786,32.87806944744472
7455,-9.88645386588767,32.87805693172709
7456,-9.796043475264163,32.87804453559074
7457,-9.70563260415874,32.87803225887767
7458,-9.615221256830765,32.87802010143147
7459,-9.52480943754446,32.87800806309735
7460,-9.434397150568849,32.87799614372215
7461,-9.343984400177735,32.87798434315431
7462,-14.129813619934556,32.97292809150707
7463,-14.039430477513925,32.972909882543014
7464,-13.9490466609157,32.97289180226817
7465,-13.858662174123724,32.97287385044358
7466,-13.406729827166942,32.972786009844285
7467,-13.316341403252078,32.97276882380968
7468,-13.225952337219008,32.97275176460579
7469,-13.135562633104977,32.972734832008754
7470,-13.045172294953725,32.97271802579659
7471,-12.954781326815471,32.97270134574913
7472,-12.864389732746831,32.972684791648085
7473,-12.77399751681078,32.97266836327697
7474,-12.68360468307666,32.97265206042114
7475,-12.59321123562006,32.97263588286778
7476,-12.502817178522838,32.97261983040586
7477,-12.412422515873065,32.97260390282618
7478,-12.322027251764965,32.97258809992133
7479,-12.231631390298883,32.972572421485694
7480,-12.141234935581272,32.972556867315426
7481,-12.050837891724596,32.972541437208484
7482,-11.960440262847328,32.97252613096459
7483,-11.87004205307392,32.97251094838522
7484,-11.779643266534713,32.97249588927362
7485,-11.689243907365915,32.97248095343479
7486,-11.598843979709608,32.972466140675465
7487,-11.508443487713627,32.97245145080414
7488,-11.418042435531571,32.97243688363102
7489,-11.32764082732274,32.97242243896805
7490,-11.237238667252107,32.97240811662892
7491,-11.146835959490252,32.972393916428985
7492,-11.056432708213352,32.972379838185354
7493,-10.966028917603111,32.97236588171681
7494,-10.875624591846726,32.972352046843866
7495,-10.78521973513686,32.972338333388706
7496,-10.694814351671576,32.97232474117519
7497,-10.604408445654306,32.97231127002889
7498,-10.514002021293797,32.972297919777034
7499,-10.423595082804107,32.972284690248514
7500,-10.333187634404494,32.972271581273915
7501,-10.24277968031946,32.97225859268545
7502,-10.152371224778614,32.972245724317006
7503,-10.061962272016713,32.97223297600409
7504,-9.971552826273552,32.97222034758391
7505,-9.88114289179398,32.972207838895244
7506,-9.790732472827806,32.972195449778546
7507,-9.700321573629784,32.97218318007589
7508,-9.609910198459575,32.97217102963096
7509,-9.519498351581673,32.972158998289075
7510,-9.4290860372654,32.97214708589717
7511,-14.034075772582984,33.067054859888074
7512,-13.943691916168532,33.06703678722981
7513,-12.94942615976864,33.06684641358747
7514,-12.85903452874463,33.06682986694121
7515,-12.678249405886818,33.066797150585664
7516,-12.587855922198692,33.06678098044911
7517,-12.49746182911196,33.06676493539157
7518,-12.407067130715069,33.06674901520392
7519,-12.316671831102605,33.066733219678866
7520,-12.226275934375275,33.066717548610896
7521,-12.13587944463988,33.066702001796294
7522,-12.04548236600926,33.06668657903309
7523,-11.955084702602226,33.06667128012113
7524,-11.864686458543586,33.066656104861984
7525,-11.774287637964024,33.066641053059
7526,-11.68388824500012,33.0666261245173
7527,-11.59348828379427,33.0666113190437
7528,-11.503087758494663,33.06659663644681
7529,-11.41268667325524,33.066582076536946
7530,-11.322285032235644,33.06656763912614
7531,-11.231882839601148,33.066553324028185
7532,-11.141480099522717,33.06653913105854
7533,-11.05107681617682,33.066525060034415
7534,-10.96067299374549,33.06651111077471
7535,-10.870268636416268,33.066497283100006
7536,-10.779863748382112,33.06648357683261
7537,-10.689458333841426,33.06646999179648
7538,-10.599052396997942,33.06645652781729
7539,-10.50864594206074,33.066443184722345
7540,-10.41823897324417,33.06642996234067
7541,-10.327831494767828,33.06641686050291
7542,-10.23742351085648,33.06640387904141
7543,-10.147015025740076,33.06639101779013
7544,-10.05660604365365,33.06637827658471
7545,-9.966196568837317,33.066365655262395
7546,-9.875786605536208,33.066353153662114
7547,-9.785376158000432,33.066340771624404
7548,-9.69496523048503,33.066328508991425
7549,-9.604553827249951,33.066316365606966
7550,-9.514141952559983,33.06630434131644
7551,-14.028675785384252,33.16119419671745
7552,-13.938291888831053,33.161176131739325
7553,-12.672848841805024,33.16093660117647
7554,-12.582455321593498,33.16092043851871
7555,-12.492061192227473,33.1609044009274
7556,-12.401666457795733,33.16088848819356
7557,-12.311271122393247,33.16087270010998
7558,-12.220875190121092,33.16085703647126
7559,-12.130478665086432,33.16084149707379
7560,-12.04008155140244,33.16082608171572
7561,-11.949683853188324,33.160810790196976
7562,-11.859285574569208,33.160795622319256
7563,-11.76888671967616,33.160780577886015
7564,-11.67848729264609,33.16076565670245
7565,-11.588087297621744,33.16075085857552
7566,-11.497686738751662,33.1607361833139
7567,-11.407285620190123,33.160721630728034
7568,-11.3168839460971,33.16070720063006
7569,-11.226481720638237,33.16069289283385
7570,-11.136078947984783,33.16067870715499
7571,-11.045675632313568,33.16066464341078
7572,-10.955271777806958,33.160650701420224
7573,-10.864867388652808,33.16063688100401
7574,-10.774462469044416,33.160623181984526
7575,-10.684057023180491,33.16060960418586
7576,-10.59365105526509,33.16059614743375
7577,-10.503244569507611,33.16058281155565
7578,-10.41283757012272,33.16056959638063
7579,-10.322430061330325,33.160556501739485
7580,-10.232022047355496,33.16054352746462
7581,-10.141613532428494,33.160530673390106
7582,-10.05120452078465,33.16051793935168
7583,-9.96079501666438,33.160505325186705
7584,-9.870385024313126,33.16049283073418
7585,-9.77997454798128,33.16048045583475
7586,-9.689563591924188,33.16046820033068
7587,-9.599152160402086,33.16045606406584
7588,-14.023230533236118,33.25532784781166
7589,-12.57700945113066,33.255054211856375
7590,-12.486615285196017,33.25503818179313
7591,-12.396220514442192,33.25502227657482
7592,-12.305825142964522,33.25500649599435
7593,-12.215429174864452,33.25499083984642
7594,-12.125032614249502,33.25497530792753
7595,-12.034635465233226,33.25495990003593
7596,-11.944237731935177,33.25494461597167
7597,-11.85383941848084,33.254929455536534
7598,-11.763440529001643,33.25491441853409
7599,-11.673041067634834,33.25489950476965
7600,-11.582641038523532,33.254884714050256
7601,-11.492240445816597,33.25487004618473
7602,-11.401839293668672,33.25485550098357
7603,-11.31143758624007,33.254841078259034
7604,-11.221035327696764,33.25482677782512
7605,-11.130632522210346,33.25481259949749
7606,-11.040229173957988,33.254798543093564
7607,-10.949825287122383,33.25478460843244
7608,-10.859420865891709,33.2547707953349
7609,-10.769015914459592,33.25475710362346
7610,-10.678610437025077,33.25474353312228
7611,-10.588204437792538,33.25473008365722
7612,-10.497797920971689,33.25471675505582
7613,-10.4073908907775,33.254703547147265
7614,-10.316983351430205,33.25469045976244
7615,-10.226575307155196,33.25467749273384
7616,-10.136166762183024,33.254664645895666
7617,-10.045757720749345,33.25465191908373
7618,-9.95534818709487,33.25463931213549
7619,-9.864938165465334,33.25462682489007
7620,-9.774527660111431,33.254614457188175
7621,-9.684116675288807,33.25460220887219
7622,-9.593705215257993,33.2545900797861
7623,-12.57151832827793,33.349182255314666
7624,-12.481124125485838,33.34916623284128
7625,-12.39072931812318,33.34915033520018
7626,-12.300333910285648,33.3491345621844
7627,-12.20993790607506,33.34911891358876
7628,-12.0291441249723,33.34908798884602
7629,-11.938746356313969,33.34907271229745
7630,-11.848348007750149,33.349057559366024
7631,-11.757949083412615,33.3490425298554
7632,-11.667549587438993,33.34902762357102
7633,-11.57714952397274,33.34901284032003
7634,-11.396347711164983,33.34898364215554
7635,-11.305945970139115,33.348969226865044
7636,-11.215543678251803,33.34895493385391
7637,-11.125140839674968,33.348940762937936
7638,-11.034737458586116,33.34892671393461
7639,-10.94433353916828,33.34891278666316
7640,-10.853929085609964,33.34889898094447
7641,-10.76352410210514,33.34888529660114
7642,-10.673118592853156,33.34887173345744
7643,-10.582712562058724,33.34885829133935
7644,-10.49230601393187,33.34884497007449
7645,-10.401898952687915,33.34883176949215
7646,-10.311491382547366,33.34881868942331
7647,-10.22108330773596,33.348805729700594
7648,-10.13067473248454,33.34879289015827
7649,-10.040265661029082,33.34878017063227
7650,-9.949856097610594,33.34876757096015
7651,-9.85944604647512,33.348755090981115
7652,-9.76903551187366,33.348742730536
7653,-12.565981970644469,33.44330452381939
7654,-12.475587730706607,33.44328850899758
7655,-12.385192886448843,33.44327261899535
7656,-12.294797441967262,33.44325685360582
7657,-11.21000678991987,33.44307731584542
7658,-11.11960391799565,33.44306315240146
7659,-10.848392065426054,33.44302139275772
7660,-10.757987049600006,33.44300771584254
7661,-10.667581508284176,33.44299416011629
7662,-10.577175445683594,33.44298072540503
7663,-10.486768866008624,33.4429674115365
7664,-10.396361773474874,33.442954218340105
7665,-10.305954172303212,33.442941145646905
7666,-10.215546066719666,33.442928193289625
7667,-10.1251374609554,33.44291536110264
7668,-12.379611237170629,33.53738908295988
7669,-10.75240477470452,33.53712431634647
7670,-10.661999201078943,33.537110768097584
7671,-10.571593106428448,33.537097340853
7672,-10.481186494963708,33.53708403444056
7673,-10.390779370900674,33.53707084868977
7674,-10.300371738460516,33.537057783431806
7675,-10.209963601869582,33.53704483849949
7676,-10.656371689139522,33.631221512474454
7677,-10.565965562195837,33.631208092756346
7678,-10.475558918700177,33.63119479385971
7679,-10.650698990508994,33.72532634839497
7680,-10.560292831029326,33.725312936263094
